id,meeting_id,name,title,url,twitter,twitter_avatar_url
66,181,Zach Briggs,Nobody Will Train You But You,twitter.com/theotherzach,,
67,181,Josh Walsh,Making our users feel great,twitter.com/joshwalsh,,
97,205,Mike Doel,Rake & Jim W.,http://www.neo.com/offices/columbus,,
68,183,RJ Osborne,Live Coding Du Jour,twitter.com/rjo1970,,
69,185,Jon Hogue,Newb Mongo Mistakes,twitter.com/jonhogue,,
70,185,Mike Danko,Zurb Foundation,twitter.com/mikedanko,,
71,185,Justin Searls,Lineman.js,testdouble.com,,
73,187,Alex Burkhart,Pry deep dive,https://twitter.com/Saterus,,
74,187,Mark Tareshawty,Something Awesome,https://twitter.com/tarebyte,,
75,187,Aly Fluckey,Taking Risks,https://twitter.com/WTFluckey,,
98,205,Matt JONES,EmberJS Conf talk,http://whomikejones.com/,,
99,207,Will Koehler,Deploying with Rubber,https://twitter.com/wckoehler,,
77,189,Matt Darby,Maker Manifesto,http://matt-darby.com,,
78,189,John Colvin,Challenging Each Other,https://twitter.com/jcolv,,
72,189,Kurt Mueller,Rails and AngularJS,https://github.com/KurtRMueller/SmartDeck,,
79,189,Mike Danko,Image processing in Ruby,https://twitter.com/mikedanko,,
100,207,Mike Danko,Deployment Stuff,http://mittdarko.com,,
80,189,Bradley Temple,FactoryGirl,https://github.com/DVG,,
81,189,Adam McCrea,Narcissism and my Dev Env,https://twitter.com/adamlogic,,
83,193,Jon Canady,Rails Security,https://twitter.com/joncanady,,
84,193,Greg Malcolm,Rails 4 Updates,https://twitter.com/GregMalcolm,,
82,193,Mark Lorenz,I See the Matrix (not a soft talk),https://twitter.com/Soodesune,,
85,195,Matt Jones,Dev Boot Camp Experiences,https://twitter.com/al2o3cr,,
86,195,Mike Danko,JRuby is AWESOME,https://twitter.com/mikedanko,,
87,195,Robert Juliano,Ruby DSLs,http://columbusrb.com,,
88,197,Robert Juliano,Roll Your Own Test Framework,http://columbusrb.com,,
89,199,Katy Exline,DBC Experience (Student),https://twitter.com/Kathryn_Ex,,
33,147,Matt Darby,The Art of Brewing,,,
34,147,Jon Canady,Basic intro to tmux,,,
35,147,Isaac Sanders,ReUser gem,,,
36,149,Justin Searls,Jasmine Tools,,,
37,149,Jonathan Hogue,Sinatra as CMS,,,
38,149,Alex Bartlow,Knockout.js Overview,,,
39,149,Isaac Sanders,Guard Overview,,,
40,151,Joe O'Brien,People Patterns,,,
41,151,Jon Hogue,Sinatra as CMS,,,
42,151,Isaac Sanders,Crafting a ruby gem,,,
43,153,Mark Lorenz,The Long Tail,,,
44,153,Jon Canady,Presenters in Rails discussion,,,
45,155,Magnus Stahre,git: History is written by the winners,,,
46,155,Matt Yoho,DCI: Silver Bullet of Rails Design?,,,
47,155,Matt Darby,New CRB Registration App,,,
48,155,Adam McCrea,The How and Why of the Rails Asset Pipeline,,,
49,157,Leon Gersing,TBD,,,
50,157,Matt Darby,Stubbing OAuth with Capybara,,,
51,157,Robert Juliano,CQRS and Event Sourcing,,,
52,159,Chandu Tennety,GraphViz and canviz.js,,,
53,159,Matt Darby,Rackspace is awesome,,,
54,159,Paul Cook,Evolution of a front-end App,,,
55,161,RJ,Work Environment Contrasts,,,
56,161,Matt Williams,Developer Best Practices,,,
57,161,Michael Covert,Hadoop and Ruby,,,
58,163,Matt Jones,Fun with Associations,,,
59,163,Len Jaffe,FriendlyID,,,
60,163,Chris Chandler,Using Thor outside of Rails,,,
61,163,Kevin Pfefferle,ChoreMonster Code/Tools Overview,,,
62,167,Zach Briggs,"Garbage In, Rainbows Out",,,
63,167,Isaac Sanders,Being a Better Apprentice,,,
64,167,Chris Chandler,Using Thor outside of Rails,,,
65,177,Zach Briggs,Fun with Chef,http://twitter.com/TheOtherZach,,
90,199,Alyssa Diaz,DBC Experience (Teacher),https://twitter.com/alycit,,
91,199,Dave Hoover,DBC Experience (Leader),https://twitter.com/davehoover,,
92,201,Alex Moore,Scaling data with Riak,https://twitter.com/alexmoore,,
93,201,Derek Briggs,CSS with a shot of Bourbon,https://twitter.com/pixeljanitor,,
94,201,Aaron Christy,Stripe Pro Tips,https://twitter.com/phad,,
95,203,Mike Doel,The Humble Thinker,http://www.neo.com/offices/columbus,,
96,203,Mark Lorenz & Michael Gee,"Mastering concurrency with this one weird, old tip",https://www.covermymeds.com/main,,
101,209,Chandu Tennety,Intro to Ruby,https://twitter.com/tennety,,
102,209,Patrick McSweeny,Intro to Rails,http://patrickmcsweeny.com/,,
103,209,Jon Canady,Intro to RSpec,http://covermymeds.com,,
104,211,Joseph Beale,"Strings, Arrays,  Hashes",http://www.meetup.com/techlifecolumbus/members/42193522/,,
105,211,Mike Danko,Object Oriented Programming,mittdarko.com,,
106,211,Mark Lorenz && Michael Gee,Simple testing tips you didn't already think of,http://covermymeds.com,,
107,213,Matt JONES,ActiveRecord Tricks,http://cdn.hiphopwired.com/wp-content/uploads/2009/06/mike-grill2.jpg,,
108,213,Mike Danko,30s Rails Deploys,http://mittdarko.com,,
109,213,Matt Darby,Choose Your Own Adventure,http://matt-darby.com,,
110,215,Ryan Kowalick,Resque/Sidekiq,rkowalick@gmail.com,,
111,215,Joseph Beale,How and When to Build a Class,http://www.linkedin.com/pub/joseph-beale/9/b71/23,,
114,219,Ed Jones,Badge Blueprint,https://drive.google.com/file/d/0B09HxOmWlIRGMmhlVFdQbHBuM1E/view?usp=sharing,,
113,219,MATT JONES,Advanced PostgreSQL Datatypes,http://content6.flixster.com/photo/12/68/69/12686960_ori.jpg,,
112,219,Ryan Kowalick,Singleton Classes Are Easy In Ruby,https://github.com/rkowalick,,
115,221,Rob Kinyon,Ruby: The Language of DevOps,https://twitter.com/rkinyon,,
116,221,Alex Ford,Stupid Chrome Tricks,http://covermymeds.com,,
118,223,Graham Conzett,REST - You’re gonna have a bad time,http://covermymeds.com,,
119,223,Matt Darby,CRB: Year In Review,http://matt-darby.com,,
120,223,Dave Brady,VCR Love,https://twitter.com/dbrady,,
121,225,Mark Tareshawty,Intro to OOP,http://marktareshawty.com/,,
122,225,Patrick McSweeny,Intro to ActiveRecord,https://twitter.com/patrickmcsweeny,,
123,225,Christopher Singer,Newb Wisdom,https://twitter.com/tremulaes,,
124,227,Alex Burkhart,5 Amazing Pry Tricks,https://twitter.com/saterus,,
125,227,Graham Conzett,React on Rails,https://twitter.com/gconzett,,
126,229,Matt Jones,50 Ways To Leave Your Method,http://whomikejones.com/,,
127,229,Brandon Joyce & Ryan Bone,On Pair Programming,http://covermymeds.com,,
130,231,Bobby Grayson,Volt Framework,https://twitter.com/yburyug,,
131,231,Chris VAUGHN,Game Dev with Gosu,https://twitter.com/mistercvaughn,,
132,231,Scott Mascio,Practice,https://twitter.com/_s_mas,,
128,233,Alex Burkhart,Ruby's Syntactic Sugar,http://twitter.com/saterus,,
134,235,Brian Underwood,"Neo4j.rb: Like ActiveRecord, but Better",http://blog.brian-underwood.codes,,
133,233,Dave Hoover,"Dev Bootcamp, Columbus, and What's Next",http://devbootcamp.com/,,
135,233,DANKO,Whatever He Wants,http://penis.florist,,
136,235,Derek Briggs,Responsive Data Tables,https://twitter.com/pixeljanitor,,
137,235,Red Leather Pants,git as a KV Store,https://twitter.com/yburyug,,
138,237,Bobby Grayson,Zany Ruby Things,https://twitter.com/yburyug,,
139,237,Matt Darby,Docker Compose,http://penis.florist,,
140,237,Todd Hitt,Mina for Deployments,https://twitter.com/todd_hitt,,
141,237,Michael Kenworthy,How The Internet Works,http://linkedin.kenworthy.io,,
142,239,Rob Kinyon,DSL::Maker,https://github.com/robkinyon/ruby-dsl-maker,,
143,239,Jon Arnett,Elegant Collection Operations in Ruby,https://github.com/J3RN,,
145,241,Zach Briggs,You Are Not Special,http://twitter.com/theotherzach,,
146,243,Adam Wanninger,fails gem,https://rubygems.org/gems/fails,,
147,243,Patrick McSweeny,Game Dev with Gosu ,http://patrickmcsweeny.com/,,
144,245,Lauren Kinsey,Why Diversity Matters to Tech Companies,https://laurenkinseyblog.wordpress.com/about/,,
148,245,Chris Barthol,Randomness and You,chrisbarthol.github.io,,
149,247,Daniel Martinez,Start your Engines,http://twitter.com/mdanmartinez,,
150,251,Matt Darby,Introducing Two New Gems,http://twitter.com/mattdarby,,
151,251,Joshua Paulson,Web Dev Security Tools & Resources,https://pbs.twimg.com/profile_images/627865674099085312/jt84wM-T.jpg,,
152,251,Eric Kessler,Something Awesome,http://skillcrush.com/wp-content/uploads/2012/05/tumblr_m3i4qdmtUS1rr8p66o1_500.jpg,,
155,253,Ryan Boder,Introduction to Apache Spark,http://spark.apache.org/,,
156,253,Mark Tareshawty,How GitHub uses JSON schema to validate API input,https://twitter.com/tarebyte,,
157,253,Rob Kinyon,Ways to level up your testing,https://twitter.com/rkinyon,,
158,257,Michael Gee,Avoiding Threading Bugs,https://github.com/mikegee/thread-safety#avoiding-thread-safety-bugs,,
159,257,Matt Darby,Metaprogramming Sinatra,http://getcarina.com,,
160,257,RJ Osborne,Replicating Data Types,http://twitter.com/rjo1970,,
161,259,Matthew Johnson,Chopping up Cucumber,http://columbusrb.com,,
162,259,Mike Danko,MariaDB's MaxScale,https://mariadb.com/products/mariadb-maxscale,,
163,261,Richard Rickard Jr.,Grey Hat Ruby,https://twitter.com/rrickardjr,,
164,261,Benjamin Winkler,CRBasics: Active Record Associations,http://columbusrb.com,,
165,261,Bob Carson and Dan Manges,"Mixins: The Good, the Bad and the Ugly",https://www.joinroot.com/company.html,,
166,263,Matt Johnson,CRBasics: MVC,http://columbusrb.com,,
167,263,Ricky Rickard Jr.,SQL Injections,https://twitter.com/rrickardjr,,
168,263,Matt Jones,StringScanner,https://twitter.com/al2o3cr,,
169,265,Matt Darby,Rails and React,https://twitter.com/mattdarby,,
170,265,Mark Tareshawty,GitHub Platform: The Future,https://twitter.com/tarebyte,,
171,265,Peter Mueller,"DB[:talks].insert(title: 'clever', topic: 'Sequel gem')",https://twitter.com/felix_starman,,
172,267,José Valim,Anything He Wants,https://github.com/josevalim,,
173,269,Marlena Bowen & Pedro Coronel,rspecTACULAR: what it does and how it does it,http://joinroot.com,,
176,269,Matt Jones,"Something Neat from RubyCon, TBD",https://twitter.com/al2o3cr,,
177,269,Matthew Johnson,Escaping Your Parent's Basement in the 21st Century,http://columbusrb.com,,
178,269,Jon Hogue,I'm not Not Sure,https://twitter.com/jonhogue,,
179,271,Matt Darby,Empathy!,http://matt-darby.com,,
180,271,Dan Manges,Scalable Rails Architecture: Embedded Moderateservices,https://www.joinroot.com,,
181,273,Zach Briggs,JavaScript for Rails Apps: You're Working Too Fucking Hard,https://twitter.com/theotherzach,,
182,275,Jay Bobo & Rachel Slaby,Pair Columbus + CRB,http://paircolumbus.org/,,
183,277,"""Chris Chandler""","""ERB everywhere.  Web pages are nice but what about barcodes, packingslips, and shipping labels""",https://twitter.com/developingchris,,
184,277,Jim Cavoli,"Authorization in Ruby: POROs, Patterns, and Testing",http://jimcavoli.com/,,
186,279,Jim Cavoli,Stop Trying to Be Clever: Data Structures in the Standard Library,http://JimCavoli.com,,
185,279,Kevin Pfefferle,Intro to Glimmer.js,http://twitter.com/kpfefferle,,
187,279,Matt Darby,Elixir's mix tool,http://matt-darby.com,,
188,279,Jan Dennison Humphries,Fifth by Midwest: A political engagement project,http://twitter.com/jannypie,,
189,279,Dan Manges,Running R in Ruby,http://www.dan-manges.com/,,
190,281,Michael Rauh,Lessons in Machine Learning,https://github.com/michaelrauh,,
191,281,Len Jaffe,The Unix Command Line,http://jaffesystems.com,,
192,281,Mike Doel,Engineering Culture,https://www.mutuallyhuman.com/team/mike-doel,,
193,283,Nikola Novakovic,Essential Non Technical Skills,http://novarac.com,,
194,283,Guyren Howe,Love Your Database,https://medium.com/@gisborne,,
195,285,Lauren Kinsey,What the 2017 GitHub Open Source Survey can Teach us About Diversity in Open Source,https://twitter.com/LaurenMKinsey,,
196,287,Joshua Russell,OLE Automation with Ruby and WIN32OLE,https://github.com/russelljoshuaa,,
197,287,Bradley Schaefer, Applying the Module Builder Pattern,http://twitter.com/soulcutter,,
198,289,Larry Sanger,What Do Columbus Web Developers Want?,https://en.wikipedia.org/wiki/Larry_Sanger,,
200,289,Matt Darby,"RIP REST, Welcome GraphQL",https://www.matchedpattern.com/,,
201,289,Kris Kling,Coding Outreach from Local Tech Heroes,https://localtechheroes.com,,
202,290,Jay Bobo,So Your Friend Asked You to Build an App,http://slides.com/goodproduce/so-your-friend-asked-you-to-build-an-app,,
203,290,Matt Jones,Finding Objects,"",,
204,290,Mark Tareshawty,Auditing the Rest of the REST API,https://marktareshawty.com/,,
205,291,Matt Darby,How I Survived Shark Tank,https://www.matchedpattern.com,,
206,291,Derek DeHart,Success through Failure: An Intro to Product Management,https://www.linkedin.com/in/derekdehart/,,
207,292,Hack night,Bring a laptop!,https://www.meetup.com/meetup-group-wEkWWOXK/events/244556008/,,
208,293,Jay Shenk,Creating Prefixy: A Hosted Service for Autocomplete Suggestions,http://jayshenk.com,,
209,293,Board of Directors Election,Announcement of 2018 Board of Directors,http://candidate.columbusrb.com,,
210,293,Thomas Haver,Cucumber 3.0.0 and Beyond,https://www.linkedin.com/in/thomas-haver/,,
211,294,Thomas Lucero,Investing in Ruby,"",,
212,294,Guy Royse,Machine Learning for Gamers,https://twitter.com/guyroyse,,
213,295,Graham Conzett,Old-school Javascript in Rails,https://railsconf.com/program/sessions#session-583,,
214,295,Kelsey Shannahan,From Gatekeeper to Partner,"",,
215,296,Rachel Slaby,CRB Open Source Initiative ,https://github.com/columbusrb,,
216,296,"Matt Jones, Cohen Carlisle, Kyle Decot",Open Source Experience Panel,"",,
219,297,Mike Gee,ActiveRecord Scopes,"",,
220,298,Meagan Munch,Method of the Month,"",,
218,297,Rachel Slaby,A Funny Thing Happened on the way to Infinity,"",,
221,298,Damian Synadinos,Hidden Requirements,https://www.ineffable-solutions.com/,,
222,299,Meagan Munch,Method of the Month,"",,
248,312,Wes Delp,What Architecture (The Building Kind) Can Teach Us About Architecture (The Software Kind),#,,
224,299,Scott Mascio,Side project adherence,https://www.spot2fish.com/,,
249,313,Bradley Temple,Mentorship (Actual Title TK),#,,
225,300,Meagan Munch,Method of the Month,"",,
226,300,Sam Napolitano ,Ruby Float() Bug,"",,
223,301,Matt Crocco,Responsible Monkey-patching in Ruby,http://matthewcrocco.us/,,
227,301,Austen Madden,The Humble Bundler,https://austenmadden.com,,
229,302,Vasanth Pappu,Elm with Vasanth,http://elm-lang.org/community,,
230,302,Meagan Munch,Method of the Month,"",,
228,303,Meagan Munch,Method of the Month,"",,
231,302,Adam McCrea,4 Ways to Scale on Heroku,https://twitter.com/adamlogic,,
232,303,Greg Malcolm,Chrome Dev Tools: Raiding the Armory,http://bitly.com/wickedweapons,,
233,303,Rachel Slaby,Board of Directors Info and Q&A,http://www.belongstorachel.com,,
234,304,We'll all be at the Tech Holiday party on Dec 13th!,"",https://www.eventbrite.com/e/columbus-tech-community-holiday-celebration-2018-tickets-52241840752,,
235,305,Marlena Bowen,"Blocks, Procs, and Lambdas",https://twitter.com/marlenacodes,,
237,306,Nikola Novakovic,Machine Learning For Beginners,https://twitter.com/novica93,,
238,305,Rachel Slaby,What does Scrum Planning look like?,https://www.linkedin.com/in/belongstorachel/,,
239,307,Matt Williams,Great Galloping Cuckoos: Algorithms Faster than log(n),https://www.linkedin.com/in/mattkwilliams/,,
241,308,Maria Vianello,Method of the Month,https://columbusrb.com,,
240,308,Bill Sempf,A Developer’s Guide To Finding Security Bugs,https://sempf.net/,,
242,309,Jon Sullivan,How Does This S*** Work: Basics of the Ruby/Rails Stack,http://jonsullivandev.com/,,
243,310,Sagar Mehta,Checklist for Zero Downtime Rails Deployments,http://upstart.com,,
245,311,Rachel Slaby,Technical Debt Management,https://www.linkedin.com/in/belongstorachel/,,
246,312,Sarah Reid,Beginners Guide to ActiveRecord Callbacks,https://www.linkedin.com/in/sarah-reid-62a389119?lipi=urn%3Ali%3Apage%3Ad_flagship3_messaging%3BhDrJ5kDXQC6bchOxRzxUrQ%3D%3D,,
247,311,Jim Cavoli,ActiveRecord Optimizations (if you’re not Aaron Patterson),https://jimcavoli.com/,,
250,312,James Gifford,_why wears shoes: Graphical interfaces in ruby with chunky bacon,http://armyofminions.com/crb-shoes,,
252,314,Adam McCrea,"In the beginning, there was 'require'",https://twitter.com/adamlogic,,
253,314,Matt Williams,End the Stigma: Become a Mental Health Ally,#,,
254,315,Guy Royse,An Introduction to WebAssembly,http://guyroyse.com/,,
255,316,"Chill, Informal Meetup","Nothing scheduled, just an informal hangout. Hope to see you at the Columbus Tech Holiday Party too!",http://www.columbusrb.com,,
256,317,Seth Kraut,Domain Driven Design,"",,
257,318,Glenn Harmon Jr,The Value of the Smaller PR,"",,
266,329,Red Leather Pants,"Ruby 3, Raktors, and the Complexity of Developer Happiness and Modern Asynchronous Code ",https://twitter.com/yburyug,,
259,319,James Gifford,Rspec: a journey through the test suite lifecycle,https://armyofminions.com,,
260,319,Lukas Indre,My First Time Refactoring,"",,
261,320,Lukas Indre,How to Reclaim Your Code as Your Own - A Tidbit on Dependencies,https://www.linkedin.com/in/lukas-indre-1269b384/,,
262,321,Demo Day,"Bring any Ruby/Rails/webdev-related thing you've found or are working on, and show it to the group!",https://twitter.com/columbusrb,,
263,322,SHOW & TELL,"Bring something you're working on, a tool or gem you're excited about, or a technique you just learned you like! No slides required, just a few minutes of showing off.","",,
264,326,Jon Kruger,Finding Testing Boundaries / Black Boxes,"",,
265,327,Frank Lamantia,Building Your Development Career,"",,
267,329,Patrick McSweeny,Testing: Back to Basics,https://twitter.com/PatrickMcSweeny,,
268,331,Dan Moore,JWTs - what Ruby developers need to know,https://twitter.com/mooreds,,
269,332,Shaffan Mustafa,Application Logging in Ruby,https://www.linkedin.com/in/shaffan-mustafa/,,
270,333,Sean Corey,Method of the Month,"",,
271,333,Guy Royse,"Dungeons, Dragons, and Graph Databases",https://github.com/guyroyse/dnd-and-graph-databases/blob/main/ABSTRACT.md,,
272,334,Rachel Slaby,Method of the Month,https://www.linkedin.com/in/belongstorachel/,,
273,335,Patrick McSweeny,Object-oriented Improv,https://patrickmcsweeny.com/,,
274,337,Shelby Elzinga,Ruby on Rails in Docker,"",,
275,339,Kevin Murphy,Enough Coverage To Beat The Band,http://kevinjmurphy.com/coverage,,
277,340,Columbus Tech Community,Holiday Party 2021 Dec 17th @ CoverMyMeds,https://www.eventbrite.com/e/columbus-tech-community-holiday-celebration-2021-registration-211834281037,,
278,340,Jon Canady,Elixir for Ruby Developers,http://joncanady.com/,,
279,341,Daniel Magliola,Do Regex dream of Turing Completeness?,https://twitter.com/dmagliola,,
280,342,Nicholas Turon,Your First Open Source Contribution: the CRB Website!,https://www.linkedin.com/in/nicholasturon/,,
281,343,Guy Royse,Finding Bigfoot with Redis + RediSearch,http://guyroyse.com,,
282,344,Adam McCrea,Crystal in the Wild—How a Ruby-Inspired Language Can Enhance Your Rails App,https://twitter.com/adamlogic,,
283,345,Dr. Christopher M. Orban,Computer science in Ohio and adventures in connecting rails apps with the google ecosystem,https://twitter.com/STEMcoding,,
284,346,Fishbowl,Open Forum,https://en.wikipedia.org/wiki/Fishbowl_(conversation),,
285,347,Click Here to RSVP!,Social Hang at Rusty Bucket Westerville!,https://www.meetup.com/columbusrb/events/286860404/,,
286,348,Adam McCrea,Crystal in the Wild—How a Ruby-Inspired Language Can Enhance Your Rails App,https://twitter.com/adamlogic,,
287,349,Dr. Christopher M. Orban,Computer science in Ohio and adventures in connecting rails apps with the google ecosystem,https://twitter.com/STEMcoding,,
288,350,Guy Royse,Tracking Aircraft with Redis + Software-Defined Radio,http://guyroyse.com/,,
289,350,Mark Lorenz,Why all of your SQL queries are wrong and what to do about it,https://twitter.com/soodesune?lang=en,,
290,351,Scott Mascio,CoverMyMeds' 15 Week Internal Dev Bootcamp,https://www.spot2fish.com/,,
291,351,Rachel Slaby,How voting works for the 2023 CRB Board of Directors,https://www.linkedin.com/in/belongstorachel/,,
292,352,Happy Holidays!,"No December meeting, see you next year!",https://www.meetup.com/columbusrb/,,
293,353,Tim Mecklem,Ride the Rails in Real-time,https://launchscout.com/tim-mecklem,,
294,354,Matt Darby,Soccer Platform at PFF.com,http://fc.pff.com/,,
347,366,Graham Conzett,Buildin’ JSON with ERB,"",,
296,355,Rachel Slaby,Story Time: 2008 - How I made it to Columbus ,https://www.linkedin.com/in/belongstorachel/,,
297,356,Warner Moore,Innovating Security in Innovative Organizations,https://speakerdeck.com/wmoore,,
298,357,Chris Ward,Adventures Upgrading a Rails Monolith from Ruby 2.6 to Ruby 3.1 and Rails 5.2 -> 7.0 in 18 months,https://www.linkedin.com/in/chris-ward-67157a27/,,
300,358,Rachel Slaby,A Quick Introduction to Nonviolent Communication,https://www.linkedin.com/in/belongstorachel/,,
299,358,Brian J. Bayer,Talking About Testing: Terminology and Concepts,http://www.linkedin.com/in/brianjbayer,,
301,359,Miles,An Introduction to ActionCable,https://www.linkedin.com/in/c-miles/,,
302,359,Brian Lees,How we used Gather.town and No code in our Virtual Tech Conference,https://www.linkedin.com/in/brian-lees/,,
303,360,Tech Community Summerfest,CRB Raffle prize drawing,https://www.eventbrite.com/e/tech-community-summerfest-tickets-634488972597,,
304,360,Jason Robinaugh,Writing more expressive code with rails enums,https://www.emporatitle.com/,,
305,360,Bradley Schaefer,Phlex: HTML in Pure Ruby,http://soulcutter.com/,,
306,361,Jon Sullivan,Turbo Frames Explored... for Fun and Profit,"",,
307,362,Rachel Slaby,You could be a member of the CRB Board of Directors!,"",,
308,362,Everyone!,Got questions? Need help? Stuck on a problem you can't get past? Just starting out learning Ruby? Bring your laptop (or just yourself is fine too)! We're having a hack night! ,"",,
309,363,Caroline Ibbotson,Method of the Month,"",,
310,363,Benjamin Winkler,"Privacy by Design, Privacy by Default",https://www.linkedin.com/in/asa-benjamin-winkler-b747603,,
348,367,Brian Eft, Retrieval Augmented Generation with Rails,https://www.linkedin.com/in/brianeft/,,
344,364,Darylynn Ross,Writing Secure APIs: A Look at the OWASP 2023 API Top 10 List,https://www.linkedin.com/in/darylynn-ross-csslp-cissp,,
345,365,Brian Lees,A Story about Code Reviews and Collaboration,https://www.linkedin.com/in/brian-lees/,,
349,368,Open Discussion,What's your career path look like? Going into Management or Individual Contributor,"",,
350,369,Tim Callahan,Keeping Regular with Regular Expressions,"",,
383,369,Jonathan Stevens,"Making Code Functional, a book report on chapter 3 of ""Grokking Simplicity""",https://www.manning.com/books/grokking-simplicity,,
416,370,Greg Malcolm,Metaprogramming for Maniacs,https://github.com/gregmalcolm,,
449,403,Jonathan Stevens,Book report: Sustainable Web Development with Ruby on Rails,https://www.goodreads.com/book/show/56340995-sustainable-web-development-with-ruby-on-rails,,
482,436,Adam McCrea,You Don't Need a Static Site Generator,https://x.com/adamlogic,,
746,634,Seth Petry-Johnson,Authentication Demystified: Basic Auth to Web Tokens in 60 minutes,https://sessionize.com/s/seth-petry-johnson/authentication-demystified-basic-auth-to-web-token/104729,,
682,568,Jay Bobo,Always Be Shipping,https://github.com/jaybobo,,
779,634,Chris Roedig,Bringing situational awareness to observability with Grafana and Prometheus,https://www.linkedin.com/in/christophroedig/,,
548,469,Ryan Carroll,Bringing ideas to life with IoT: Visualizing noise pollution,"",,
581,502,Jay Bobo and Jan Milosh,Greater than code: on navigating developer life and tools,"",,
582,502,Rachel Slaby,CRB Board of Directors election process,https://www.linkedin.com/in/belongstorachel/,,
812,667,Matt Eland,Making your code suck less without setting fire to production,https://sessionize.com/s/matt-eland/identifying-analyzing-communicating-and-resolving-/26746,,
647,535,Brian Lees,"Book Club Review: Good Code, Bad Code",www.linkedin.com/in/brian-lees,,
680,568,Tiana Silva,A Better Way to Network,www.linkedin.com/in/tianasilva,,
681,568,Ryan Carroll,Finding Your Voice: How Conference Speaking Can Advance Your Career,https://www.linkedin.com/in/carrollmedia/,,
683,568,Brian Lees,"No Training Budget, No Problem: Host Your Own Events",www.linkedin.com/in/brian-lees,,
713,601,Guy Royse,Modern Problems Require Modern Solutions: Finding Your Meme Twin with Embeddings & Vector Databases,https://sessionize.com/s/guyroyse/modern-problems-require-modern-solutions-finding-y/76239,,
